<?xml version="1.0" encoding="UTF-8"?>
<project-private xmlns="http://www.netbeans.org/ns/project-private/1">
    <editor-bookmarks xmlns="http://www.netbeans.org/ns/editor-bookmarks/2" lastBookmarkId="0"/>
    <open-files xmlns="http://www.netbeans.org/ns/projectui-open-files/2">
        <group>
            <file>file:/C:/Users/Joan/Documents/GitHub/SOB/Practica2_JoanJara_AleixIglesias/web/moredetails.jsp</file>
            <file>file:/C:/Users/Joan/Documents/GitHub/SOB/Practica2_JoanJara_AleixIglesias/web/css/habitacions.css</file>
            <file>file:/C:/Users/Joan/Documents/GitHub/SOB/Practica2_JoanJara_AleixIglesias/web/searchedRooms.jsp</file>
            <file>file:/C:/Users/Joan/Documents/GitHub/SOB/Practica2_JoanJara_AleixIglesias/src/java/command/EliminarUsuariCommand.java</file>
        </group>
    </open-files>
</project-private>
