{
  "commands": [
    {
      "URI": "/modificar",
      "class": "command.ModificarClientCommand" 
    },
    {
      "URI": "/registre",
      "class": "command.RegisterClientCommand" 
    },
    {
      "URI": "/writeModificatRenter",
      "class": "command.WriteModificatRenterCommand" 
    },
    {
      "URI": "/writeModificatTenant",
      "class": "command.WriteModificatTenantCommand" 
    },
    {
      "URI": "/writeRenter",
      "class": "command.WriteRenterCommand" 
    },
    {
      "URI": "/search",
      "class": "command.SearchCommand" 
    },
    {
      "URI": "/login",
      "class": "command.LogInCommand" 
    },
    {
      "URI": "/tipeRegister",
      "class": "command.EscollirCommand" 
    },
    {
      "URI": "/tipeModificar",
      "class": "command.EscollirModificarCommand" 
    },
    {
      "URI": "/writeTenant",
      "class": "command.WriteTenantCommand" 
    },
    {
      "URI": "/autenticacio",
      "class": "command.AutenticacioCommand" 
    },
    {
      "URI": "/writeRoom",
      "class": "command.RoomRegisterCommand" 
    },
    {
      "URI": "/logout",
      "class": "command.CerrarSessionCommand" 
    },
    {
      "URI": "/eliminatusuari",
      "class": "command.EliminarUsuariCommand" 
    },
    {
      "URI": "/eliminarroom",
      "class": "command.EliminarRoomCommand" 
    },
    {
      "URI": "/modificarHabitacio",
      "class": "command.ModificarRoomCommand" 
    },
    {
      "URI": "/upgradeRoom",
      "class": "command.RoomDadesUpdateCommand" 
    },
    {
      "URI": "/roomById",
      "class": "command.MoreDetailsCommand" 
    },
    {
      "URI": "/llogarHabitacio",
      "class": "command.LlogarRoomCommand" 
    }
  ]
}